country,1990_emissions,1991_emissions,1992_emissions,1993_emissions,1994_emissions,1995_emissions,1996_emissions,1997_emissions,1998_emissions,1999_emissions,2000_emissions,2001_emissions,2002_emissions,2003_emissions,2004_emissions,2005_emissions,2006_emissions,2007_emissions,2008_emissions,2009_emissions,2010_emissions,2011_emissions,2012_emissions,2013_emissions,2014_emissions,2015_emissions,2016_emissions,2017_emissions,1990_stringency,1991_stringency,1992_stringency,1993_stringency,1994_stringency,1995_stringency,1996_stringency,1997_stringency,1998_stringency,1999_stringency,2000_stringency,2001_stringency,2002_stringency,2003_stringency,2004_stringency,2005_stringency,2006_stringency,2007_stringency,2008_stringency,2009_stringency,2010_stringency,2011_stringency,2012_stringency,2013_stringency,2014_stringency,2015_stringency,Mammals_threatened,Birds_threatened,Reptiles_threatened,Amphibians_threatened,Fish_threatened,Marine Fish_threatened,Freshwater Fish_threatened,Vascular plants_threatened,Mosses_threatened,Lichens_threatened,Invertebrates_threatened,total_threatened,Mammals_endangered,Birds_endangered,Reptiles_endangered,Amphibians_endangered,Fish_endangered,Marine Fish_endangered,Freshwater Fish_endangered,Vascular plants_endangered,Mosses_endangered,Lichens_endangered,Invertebrates_endangered,total_endangered,1990_land_use,1991_land_use,1992_land_use,1993_land_use,1994_land_use,1995_land_use,1996_land_use,1997_land_use,1998_land_use,1999_land_use,2000_land_use,2001_land_use,2002_land_use,2003_land_use,2004_land_use,2005_land_use,2006_land_use,2007_land_use,2008_land_use,2009_land_use,2010_land_use,2011_land_use,2012_land_use,2013_land_use,2014_land_use,2015_land_use,2016_land_use,total_land_use,1990_particulates,1995_particulates,2000_particulates,2005_particulates,2006_particulates,2007_particulates,2008_particulates,2009_particulates,2010_particulates,2011_particulates,2012_particulates,2013_particulates,2014_particulates,2015_particulates,2016_particulates,2017_particulates,1990_lead,1995_lead,2000_lead,2005_lead,2006_lead,2007_lead,2008_lead,2009_lead,2010_lead,2011_lead,2012_lead,2013_lead,2014_lead,2015_lead,2016_lead,2017_lead,Mammals_percent_species,Birds_percent_species,Reptiles_percent_species,Amphibians_percent_species,Fish_percent_species,Marine Fish_percent_species,Freshwater Fish_percent_species,Vascular plants_percent_species,Mosses_percent_species,Lichens_percent_species,Invertebrates_percent_species,2005_population,2006_population,2007_population,2008_population,2009_population,2010_population,2011_population,2012_population,2013_population,2014_population,2015_population,2016_population,2017_population,2018_population
Australia,420315,421381,425702,426232,426305,434913,442506,454629,468406,474027,485019,492462,496319,498119,515931,521801,526437,533138,537032,540913,537275,538281,540616,530434,524957,535174,546772,554127,0.5,0.5,0.5,0.75,0.5,0.5,0.46,0.46,0.77,1.02,0.98,1.09,1.21,1.21,1.17,1.55,2.01,2.01,2.26,2.69,2.5,3.34,3.72,4.07,2.67,3.17,109,133,61,29,48,13,35,"1,262",1,,61,429,37,51,18,14,16,2,14,527,,,22,152,"7,741,220.00","7,741,220.00","7,741,220.00","7,741,220.00","7,741,220.00","7,741,220.00","7,741,220.00","7,741,220.00","7,741,220.00","7,741,220.00","7,741,220.00","7,741,220.00","7,741,220.00","7,741,220.00","7,741,220.00","7,741,220.00","7,741,220.00","7,741,220.00","7,741,220.00","7,741,220.00","7,741,220.00","7,741,220.00","7,741,220.00","7,741,220.00","7,741,220.00","7,741,220.00","7,741,220.00",0,5114,5142,5028,4686,4705,4856,4907,4862,4810,5029,4772,4589,4540,4570,4389,4574,2261,2291,2220,2083,2078,2124,2132,2087,2043,2047,2000,1985,2031,2078,2134,2203,27,17,6,12,1,,,7,0,,0,20176844,20450966,20827622,21249199,21691653,22031750,22340024,22733465,23128129,23475686,23815995,24190907,24601860,24992860
Austria,78670,82349,75750,75932,76207,79584,82875,82405,81702,80105,80415,84324,86111,91788,91383,92567,90117,87473,86816,80329,84753,82460,79811,80353,76680,78897,79596,82261,1.17,1.42,1.42,1.48,1.48,1.94,1.94,1.85,1.94,1.85,2.02,2.2,2.2,2.48,2.4,2.86,2.82,2.44,2.91,3.33,3.33,3.08,2.95,4.07,2.67,3.17,27,66,9,12,39,13,39,985,238,443,968,873,6,14,3,3,18,2,18,348,69,135,310,266,"83,879.00","83,879.00","83,879.00","83,879.00","83,879.00","83,879.00","83,879.00","83,879.00","83,879.00","83,879.00","83,879.00","83,879.00","83,879.00","83,879.00","83,879.00","83,879.00","83,879.00","83,879.00","83,879.00","83,879.00","83,879.00","83,879.00","83,879.00","83,879.00","83,879.00","83,879.00","83,879.00",0,3975,3876,3683,3510,3410,3416,3356,3420,3362,3392,3248,3217,3137,3203,3060,3070,656,688,684,608,588,591,584,592,589,594,595,589,589,596,590,590,27,27,64,60,46,,46,33,23,21,2,8225278,8267948,8295189,8321541,8341483,8361069,8388534,8426311,8477230,8543932,8629519,8739806,8795073,8837707
Belgium,146587,149324,148920,147890,152523,154665,158303,149782,154957,148645,149730,148132,147567,147932,149231,145284,142660,138961,138828,126263,132922,122198,119373,119304,113506,117122,115783,114540,0.67,0.67,0.71,0.77,0.77,0.77,0.77,0.77,0.77,0.77,0.85,1.1,1.21,1.17,1.98,2.45,2.4,2.2,2.34,2.58,2.6,2.53,2.47,4.07,2.67,3.17,18,55,4,6,29,14,15,423,140,495,566,776,2,15,2,3,4,3,1,107,69,135,201,30,"83,879.00","83,879.00","83,879.00","83,879.00","83,879.00","83,879.00","83,879.00","83,879.00","83,879.00","83,879.00","30,530.00","30,530.00","30,530.00","30,530.00","30,530.00","30,530.00","30,530.00","30,530.00","30,530.00","30,530.00","30,530.00","30,530.00","30,530.00","30,530.00","30,530.00","30,530.00","30,530.00",0,5965,5630,5490,5116,4945,5010,5077,5064,4997,4965,4852,4696,4388,4555,4363,4419,2265,2142,2131,1925,1841,1841,1840,1810,1766,1770,1783,1769,1702,1734,1712,1722,21,28,40,32,20,14,35,23,27,59,11,10478617,10547956,10625701,10709976,10796498,10895589,10993616,11067748,11125033,11179778,11238474,11295003,11349081,11403740
Canada,602184,593402,610441,612264,633675,651011,672053,686988,694531,707376,730588,719733,724349,741003,742972,730349,721445,743767,723225,681699,692619,703379,711023,722063,723091,721992,707727,715749,0.38,0.38,0.71,0.5,0.5,0.5,0.46,0.65,0.65,0.65,0.9,0.9,0.9,1.58,1.58,1.54,2.17,3.27,3.31,3.85,3.35,3.67,3.42,3.36,3.28,3.28,52,88,26,16,88,52,36,"1,107",294,184,"1,265",836,10,14,6,5,25,11,14,325,85,51,295,221,"9,984,670.00","9,984,670.00","9,984,670.00","9,984,670.00","9,984,670.00","9,984,670.00","9,984,670.00","9,984,670.00","9,984,670.00","9,984,670.00","9,984,670.00","9,984,670.00","9,984,670.00","9,984,670.00","9,984,670.00","9,984,670.00","9,984,670.00","9,984,670.00","9,984,670.00","9,984,670.00","9,984,670.00","9,984,670.00","9,984,670.00","9,984,670.00","9,984,670.00","9,984,670.00","9,984,670.00",0,7262,7753,8017,8132,8087,8223,8254,8093,7855,7952,7696,7386,7332,7254,6626,6618,1371,1414,1360,1260,1227,1231,1226,1201,1176,1161,1179,1168,1202,1237,1251,1272,24,13,58,34,6,4,22,21,21,21,6,32243753,32571174,32889025,33247118,33628895,34004889,34339328,34714222,35082954,35437435,35702908,36109487,36540268,37058856
Chile,52016,50681,52579,55432,58349,61452,67715,75203,76151,79279,76587,74732,76179,76956,82609,84334,85555,93656,94262,90887,91862,99861,104492,104304,101474,108243,111678,715749,0.38,0.38,0.71,0.5,0.5,0.5,0.46,0.65,0.65,0.65,0.9,0.9,0.9,1.58,1.58,1.54,2.17,3.27,3.31,3.85,3.35,3.67,3.42,3.36,3.28,3.28,36,45,52,44,38,1,37,418,294,184,114,253,13,21,17,23,23,11,23,195,85,51,61,120,"756,096.00","756,096.00","756,096.00","756,096.00","756,096.00","756,096.00","756,096.00","756,096.00","756,096.00","756,096.00","756,096.00","756,096.00","756,096.00","756,096.00","756,096.00","756,096.00","756,096.00","756,096.00","756,096.00","756,096.00","756,096.00","756,096.00","756,096.00","756,096.00","756,096.00","756,096.00","756,700.00",0,3378,3596,3582,3784,3841,3965,3930,4201,4390,4511,4443,4498,4445,4546,4524,4758,235,237,248,271,270,274,269,284,293,290,294,300,301,308,315,327,21,9,40,68,6,4,22,21,21,21,1,16183489,16347890,16517933,16697754,16881078,17063927,17254159,17443491,17611902,17787617,17971423,18167147,18419192,18751405
Czech Republic,197393,179182,172687,165018,157518,156718,159770,155160,148998,139448,149334,149097,145506,148759,149625,147494,148599,150337,145614,137215,139734,137753,133698,128691,126758,127778,129757,128675,0.54,0.54,0.54,0.54,0.54,0.73,0.73,0.69,0.69,0.69,0.83,0.83,1.58,1.58,1.63,2.05,2.88,2.55,2.72,2.89,2.89,2.37,2.38,3.36,3.28,3.28,15,99,7,16,25,1,25,908,251,560,"5,379",998,1,28,3,5,2,11,2,412,88,184,"1,706",313,"127,900.00","127,900.00","127,900.00","78,870.00","78,870.00","78,870.00","78,870.00","78,870.00","78,870.00","78,870.00","78,870.00","78,870.00","78,870.00","78,870.00","78,870.00","78,870.00","78,870.00","78,870.00","78,870.00","78,870.00","78,870.00","78,870.00","78,870.00","78,870.00","78,870.00","78,870.00","78,870.00",0,9153,7646,6560,6210,6041,6075,6173,6219,6255,6272,6144,6090,5903,6065,5863,5878,976,916,860,782,742,725,719,711,710,706,700,694,674,684,680,682,16,47,54,73,38,4,38,26,29,37,16,10234092,10266646,10322689,10429692,10491492,10517247,10496672,10509286,10510719,10524783,10542942,10565284,10589526,10626430
Denmark,70515,81146,75165,77370,81267,78332,91500,82058,78077,75672,71368,73066,72590,77645,71511,67091,74859,70293,66657,63876,64178,58947,54335,56021,51871,49254,51298,49226,0.9,1.58,2.13,2.23,2.23,1.98,1.98,1.98,2.56,2.4,2.6,2.74,2.11,2.09,2.59,3.13,3.16,2.83,2.96,4.07,4.03,3.98,3.85,3.36,3.28,3.28,11,34,7,1,25,1,8,117,251,299,524,353,1,13,3,5,2,11,2,36,88,57,156,71,"43,090.00","43,090.00","43,090.00","43,090.00","43,090.00","43,090.00","43,090.00","43,090.00","43,090.00","43,090.00","43,090.00","43,090.00","43,090.00","43,090.00","43,090.00","43,090.00","43,090.00","43,090.00","43,090.00","43,090.00","43,090.00","43,090.00","42,920.00","42,920.00","42,920.00","42,920.00","42,920.00",0,3234,3078,2659,2402,2432,2441,2369,2370,2331,2335,2130,2082,2076,2032,2007,2049,493,484,401,346,342,336,318,311,300,283,275,270,262,260,267,272,16,16,54,7,38,4,15,4,29,44,14,5415978,5434567,5457415,5489022,5519441,5543819,5566856,5587085,5608784,5639719,5678348,5724456,5760694,5789957
Estonia,40432,37284,27292,21351,22059,20259,20960,20585,18996,17652,17360,17760,17221,19110,19375,19203,18498,22225,20046,16758,21214,21259,20171,21942,21147,18127,19665,20880,0.9,1.58,2.13,2.23,2.23,1.98,1.98,1.98,2.56,2.4,2.6,2.74,2.11,2.09,2.59,3.13,3.16,2.83,2.96,4.07,4.03,3.98,3.85,3.36,3.28,3.28,2,38,1,4,6,2,5,181,131,113,19,302,1,8,3,1,1,11,2,59,21,32,2,64,"43,090.00","43,090.00","45,230.00","45,230.00","45,230.00","45,230.00","45,230.00","45,230.00","45,230.00","45,230.00","45,230.00","45,230.00","45,230.00","45,230.00","45,230.00","45,230.00","45,230.00","45,230.00","45,230.00","45,230.00","45,230.00","45,230.00","45,230.00","45,340.00","45,340.00","45,340.00","45,340.00",0,564,624,537,509,506,507,474,453,419,407,376,353,363,319,319,320,64,74,70,71,71,73,70,70,67,66,67,66,67,65,65,65,3,10,50,44,7,3,12,9,34,24,3,1354775,1346810,1340680,1337090,1334515,1331475,1327439,1322696,1317997,1314545,1314608,1315790,1317384,1321977
Finland,71133,68905,67468,69728,75346,71788,77675,76256,72566,71981,70130,75490,77947,85532,81841,69813,81174,79513,71399,67804,75627,67805,62415,62894,58733,55123,58044,55334,0.83,1,1.25,1.31,1.27,1.27,1.52,1.77,1.52,1.52,1.6,1.35,1.98,2.48,2.48,2.44,3.15,2.82,3.08,3.25,3.21,3.48,3.43,3.36,3.28,3.28,7,87,1,1,6,2,12,197,183,268,"1,255",559,4,36,0,1,1,11,3,88,70,81,393,195,"338,150.00","338,150.00","338,150.00","338,150.00","338,150.00","338,150.00","338,150.00","338,150.00","338,150.00","338,150.00","338,150.00","338,150.00","338,150.00","338,150.00","338,150.00","338,150.00","338,440.00","338,420.00","338,420.00","338,420.00","338,420.00","338,420.00","338,420.00","338,420.00","338,420.00","338,446.00","338,450.00",0,1788,1621,1497,1330,1307,1318,1307,1297,1286,1275,1137,1063,1076,990,978,1008,136,130,125,115,114,115,114,114,114,112,111,111,109,108,111,113,9,35,20,14,7,3,17,16,21,17,5,5246100,5266266,5288719,5313398,5338867,5363341,5388272,5413967,5438975,5461507,5479528,5495297,5508209,5515525
France,551049,578336,566697,545037,538664,546758,564087,556744,570619,562661,556370,561355,554879,559544,557794,559499,547093,536948,530315,510351,517116,491009,490856,491141,461479,466385,467622,471028,0.71,0.71,0.71,0.77,0.81,0.81,1.23,1.15,1.23,1.31,1.4,1.56,1.56,1.56,2.13,2.71,3.28,2.86,2.9,3.69,3.15,3.7,3.57,3.5,3.54,3.58,17,107,9,8,15,2,15,528,183,268,219,171,4,33,3,3,2,11,2,111,70,81,22,47,"549,086.00","549,086.00","549,086.00","549,086.00","549,086.00","549,086.00","549,086.00","549,086.00","549,086.00","549,086.00","549,087.00","549,087.00","549,087.00","549,387.00","549,087.00","549,087.00","549,087.00","549,087.00","549,087.00","549,087.00","549,087.00","549,087.00","549,087.00","549,087.00","549,087.00","549,087.00","549,087.00",0,20430,19764,19319,18643,18487,18478,18796,19124,19034,19133,18543,18235,16893,17606,16852,17101,7485,7280,7157,6527,6406,6322,6363,6375,6270,6235,6235,6143,6020,6119,6113,6195,14,27,24,23,22,3,22,52,21,17,21,62958328,63393406,63781275,64133174,64458715,64773169,65087317,65402998,65735961,66276671,66512558,66685530,66829563,66941698
Germany,1250993,1203924,1153797,1144857,1125835,1123035,1141085,1106001,1080729,1047034,1045187,1060271,1038920,1035574,1019124,993344,1000638,973942,975646,908054,942542,920306,924611,942250,903196,907190,911049,906611,1.21,2.13,1.88,1.94,1.9,1.81,1.85,1.94,1.98,1.98,2.06,2.06,2.54,2.54,2.67,3.05,3,2.67,2.64,3.06,3.02,3.14,2.92,3.11,3.07,3.13,32,94,8,8,49,21,28,896,459,927,"3,753",1626,9,24,3,2,14,5,9,273,104,165,"1,011",335,"356,970.00","356,970.00","356,970.00","356,990.00","357,000.00","357,020.00","357,030.00","357,030.00","357,030.00","357,030.00","357,030.00","357,030.00","357,040.00","357,040.00","357,050.00","357,090.00","357,100.00","357,100.00","357,110.00","357,120.00","357,127.00","357,140.00","357,170.00","357,340.00","357,380.00","357,409.00","357,580.00",0,51564,46684,41632,37947,37303,37277,37723,38519,38771,38027,36441,36871,35571,37398,37089,36953,5540,5281,5016,4515,4410,4364,4358,4404,4407,4385,4402,4505,4447,4650,4754,4648,34,36,62,36,26,23,30,27,41,52,37,82469421,82376447,82266373,82110097,81902308,81776936,80274981,80425826,80645605,80982495,81686608,82348669,82656997,82914191
Greece,103101,103172,104423,104013,106804,109156,112303,117213,122812,122983,126346,127399,127395,131132,131814,136281,132391,134997,131716,124535,118436,115454,112146,102547,99113,95330,91698,95421,0.65,0.73,0.77,1.02,1.48,1.73,1.69,1.69,1.69,1.69,1.52,1.52,1.77,1.77,1.73,1.84,1.84,1.92,1.83,2.08,2.33,2.33,2.13,3.11,3.07,3.13,29,62,9,6,63,14,49,255,459,927,"3,753",232,13,17,2,2,16,4,12,64,104,165,"1,011",66,"131,960.00","131,960.00","131,960.00","131,960.00","131,960.00","131,960.00","131,960.00","131,960.00","131,960.00","131,960.00","131,960.00","131,960.00","131,960.00","131,960.00","131,960.00","131,960.00","131,960.00","131,960.00","131,960.00","131,960.00","131,960.00","131,960.00","131,960.00","131,960.00","131,960.00","131,960.00","131,960.00",0,5291,5476,5837,6082,6017,6284,6201,6121,6091,6432,6363,6061,5980,6210,6083,6201,1617,1768,1890,1901,1848,1901,1840,1814,1793,1831,1866,1792,1767,1820,1880,1912,25,14,14,26,9,3,32,4,41,52,37,10987316,11020366,11048466,11077839,11107017,11121344,11104900,11045010,10965209,10892415,10820883,10775971,10754679,10725886
Hungary,93656,86997,76994,77860,76733,75320,77621,76126,75668,76138,73208,75244,73602,76639,75605,75360,74143,72384,70576,64586,64949,63351,59647,56796,57416,60767,61140,63788,0.35,0.48,0.52,0.52,0.52,0.52,0.52,0.52,0.56,0.52,0.85,1.69,1.98,2.13,2.33,2.63,2.59,2.3,2.55,2.66,2.77,2.68,2.63,3.11,3.07,3.13,14,78,4,2,35,14,35,382,173,113,24,454,3,23,4,1,16,4,12,162,90,44,7,165,"93,030.00","93,030.00","93,030.00","93,030.00","93,030.00","93,030.00","93,030.00","93,030.00","93,030.00","93,030.00","93,030.00","93,030.00","93,030.00","93,030.00","93,030.00","93,030.00","93,030.00","93,030.00","93,030.00","93,030.00","93,030.00","93,030.00","93,030.00","93,030.00","93,030.00","93,030.00","93,030.00",0,6266,6488,6156,6641,6561,6659,6530,6587,6493,6488,6123,5900,5654,6186,5634,5588,1161,1226,1160,1148,1121,1123,1095,1105,1095,1083,1081,1055,1039,1086,1037,1023,16,18,27,11,43,3,43,14,26,16,28,10087064,10071374,10055778,10038186,10022647,10000020,9958824,9920364,9893083,9866466,9843025,9814026,9787969,9767600
Iceland,3598,3382,3294,3378,3301,3426,3474,3645,3807,4031,4038,3935,4006,3984,4088,3947,4548,4853,5241,4943,4845,4582,4602,4599,4634,4715,4640,4755,0.35,0.48,0.52,0.52,0.52,0.52,0.52,0.52,0.56,0.52,0.85,1.69,1.98,2.13,2.33,2.63,2.59,2.3,2.55,2.66,2.77,2.68,2.63,3.11,3.07,3.13,14,33,4,2,35,14,35,52,173,113,24,33,3,11,4,1,16,4,12,162,90,44,7,11,"103,000.00","103,000.00","103,000.00","103,000.00","103,000.00","103,000.00","103,000.00","103,000.00","103,000.00","103,000.00","103,000.00","103,000.00","103,000.00","103,000.00","103,000.00","103,000.00","103,000.00","103,000.00","103,000.00","103,000.00","103,000.00","103,000.00","103,000.00","103,000.00","103,000.00","103,000.00","103,000.00",0,64,64,58,55,56,56,56,57,56,57,52,52,50,51,48,49,15,15,14,13,13,13,13,13,13,13,13,13,13,13,13,13,16,44,27,11,43,3,43,12,26,16,28,296734,303784,311567,317404,318501,318044,319011,320723,323763,327379,330818,335435,343399,352722
Ireland,55417,56097,55959,56360,57697,59177,61273,62652,65174,66309,68478,70475,68429,68663,67964,69495,68782,68019,67302,61547,61105,56989,57612,57410,57099,59212,61270,60744,0.52,0.48,0.52,0.58,0.58,0.58,0.73,0.73,0.77,0.77,0.85,0.81,0.85,1.42,1.46,1.88,2.23,1.71,2.05,2.16,2.22,2.43,2.05,3.11,3.07,3.13,1,127,0,1,35,17,5,101,113,113,175,264,3,37,0,1,16,5,12,25,30,44,51,73,"70,280.00","70,280.00","70,280.00","70,280.00","70,280.00","70,280.00","70,280.00","70,280.00","70,280.00","70,280.00","70,280.00","70,280.00","70,280.00","70,280.00","70,280.00","70,280.00","70,280.00","70,280.00","70,280.00","70,280.00","70,280.00","70,280.00","70,280.00","70,280.00","70,280.00","70,280.00","70,280.00",0,1619,1610,1495,1194,1180,1141,1139,1149,1051,1107,1072,1059,1001,1008,980,999,399,394,356,286,282,272,268,268,243,249,253,251,246,247,246,249,2,27,0,33,43,5,18,10,19,16,15,4133839,4232929,4375842,4485070,4533395,4554763,4574888,4593697,4614669,4645440,4687787,4739597,4792490,4857015
Israel,55417,56097,55959,56360,57697,59177,57653,62652,65174,66309,67163,70475,68429,71448,71883,72400,73781,76930,78435,74568,77236,79188,85028,79569,76957,80601,79935,60744,0.52,0.48,0.52,0.58,0.58,0.58,0.73,0.73,0.77,0.77,0.85,0.81,0.85,1.42,1.46,1.88,2.23,1.71,2.05,2.16,2.22,2.43,2.05,3.11,3.07,3.13,1,127,0,1,35,17,5,101,113,113,175,264,3,37,0,1,16,5,12,25,30,44,51,73,"22,070.00","22,070.00","22,070.00","22,070.00","22,070.00","22,070.00","22,070.00","22,070.00","22,070.00","22,070.00","22,070.00","22,070.00","22,070.00","22,070.00","22,070.00","22,070.00","22,070.00","22,070.00","22,070.00","22,070.00","22,070.00","22,070.00","22,070.00","22,070.00","22,070.00","22,070.00","22,070.00",0,1922,2197,2387,2272,2256,2289,2235,2191,2203,2286,2253,2275,2256,2376,2287,2365,302,346,310,294,288,286,273,264,263,270,268,268,269,277,274,278,2,27,0,33,43,5,18,10,19,16,15,6930128,7053707,7180115,7308795,7485565,7623561,7765832,7910525,8059456,8215668,8380149,8546009,8713300,8872943
Italy,517746,518909,515451,509408,503475,532419,525295,531865,543114,548226,554106,561225,561243,575696,579999,580600,570045,560569,547847,496178,505773,492475,472722,442708,426212,434044,432119,427708,0.96,1,1.42,1.48,1.48,1.48,1.48,1.56,1.56,1.56,1.48,1.35,1.35,1.42,1.49,2.22,2.72,2.34,2.6,2.73,2.84,2.79,2.77,3.21,3.21,3.28,23,74,11,14,47,22,25,553,367,276,456,859,8,22,5,4,12,6,6,149,30,44,136,63,"301,340.00","301,340.00","301,340.00","301,340.00","301,340.00","301,340.00","301,340.00","301,340.00","301,340.00","301,340.00","301,340.00","301,340.00","301,340.00","301,340.00","301,340.00","301,340.00","301,340.00","301,340.00","301,340.00","301,340.00","301,340.00","301,340.00","301,340.00","301,340.00","301,340.00","301,340.00","301,340.00",0,28880,28179,27582,26771,26716,26929,27180,27371,26789,28059,27095,26479,26197,27455,25745,25896,9626,10029,10246,9961,9896,9946,10022,10070,9904,10115,10188,9997,9890,10279,10072,10051,18,28,20,32,7,4,26,7,31,10,1,57969482,58143980,58438309,58826733,59095367,59277414,59379446,59539725,60233944,60789144,60730585,60627494,60536713,60421797
Japan,1270004,1283840,1296546,1289062,1353408,1374496,1387111,1379443,1330891,1354486,1374847,1349407,1373198,1379176,1371762,1378957,1357395,1393442,1321398,1248599,1302732,1353795,1396605,1408057,1360071,1321467,1305751,1289631,1.13,1.13,1.13,1.13,1.23,1.31,1.33,1.33,1.33,1.52,1.58,1.58,1.58,1.65,1.9,1.67,1.63,1.69,1.69,1.73,2.03,2.96,3.5,3.08,3.08,3.17,33,97,37,29,185,16,169,"1,786",241,61,65,868,12,31,9,13,60,6,54,520,138,41,22,364,"377,800.00","377,800.00","377,800.00","377,800.00","377,800.00","377,800.00","377,800.00","377,800.00","377,800.00","377,800.00","377,800.00","377,880.00","377,890.00","377,900.00","377,910.00","377,910.00","377,920.00","377,930.00","377,940.00","377,947.00","377,950.00","377,955.00","377,960.00","377,962.00","377,962.00","377,971.00","377,970.00",0,36640,39346,39218,42797,42942,43658,44242,44460,45394,46758,44687,45404,43705,43943,42668,44153,4945,4933,4691,4849,4814,4845,4873,4866,4962,5067,5034,5008,4962,4931,5043,5146,21,14,37,38,4,0,42,26,13,4,1,127767994,127900515,128032743,128083960,128031514,128057352,127834233,127592657,127413888,127237150,127094745,126932772,126706210,126443180
Korea,292939,316235,343147,378762,403832,437295,471119,500821,430226,468287,501430,514637,536010,546328,555171,559146,564456,579527,592709,597564,657428,682945,687126,696749,690944,692924,694066,1289631,0.5,0.63,0.63,0.69,0.69,0.69,0.75,0.75,0.75,0.81,0.81,1.1,1.1,2.02,2.33,2.9,2.96,2.96,3.38,3.52,3.52,3.44,2.63,2.7,2.74,3.07,14,55,5,5,26,16,26,224,241,61,204,131,4,18,3,2,13,6,13,86,138,41,43,53,"99,260.00","99,260.00","99,260.00","99,260.00","99,260.00","99,260.00","99,260.00","99,260.00","99,260.00","99,260.00","99,260.00","99,540.00","99,590.00","99,600.00","99,620.00","99,650.00","99,680.00","99,720.00","99,830.00","99,900.00","100,030.00","100,030.00","100,150.00","100,266.00","100,280.00","100,295.00","100,339.00",0,13083,12524,13808,14312,14193,14239,14253,14371,14677,15099,15228,15652,15290,15945,15452,16135,3037,2534,2350,2171,2108,2064,2006,1961,1953,1965,1986,1953,1935,1960,2001,2087,11,10,16,25,2,0,13,5,13,4,1,48184561,48438292,48683638,49054708,49307835,49554112,49936638,50199853,50428893,50746659,51014947,51245707,51446201,51635256
Latvia,26259,24366,19617,16200,14269,12893,12934,12383,11884,11102,10488,11062,11043,11222,11207,11388,11884,12339,11874,11176,12279,11489,11327,11260,11173,11256,11269,11306,0.5,0.63,0.63,0.69,0.69,0.69,0.75,0.75,0.75,0.81,0.81,1.1,1.1,2.02,2.33,2.9,2.96,2.96,3.38,3.52,3.52,3.44,2.63,2.7,2.74,3.07,5,39,2,4,2,1,1,209,61,24,79,139,3,19,1,1,0,0,0,110,41,18,38,83,"99,260.00","99,260.00","64,559.00","64,559.00","64,559.00","64,559.00","64,559.00","64,559.00","64,559.00","64,559.00","64,559.00","64,559.00","64,559.00","64,559.00","64,559.00","64,559.00","64,559.00","64,559.00","64,559.00","64,560.00","64,510.00","64,480.00","64,480.00","64,490.00","64,490.00","64,490.00","64,490.00",0,1800,2045,1602,1712,1815,1751,1618,1562,1554,1471,1411,1385,1344,1279,1262,1259,154,192,165,183,193,185,171,164,164,156,155,155,152,149,148,147,8,17,29,31,2,2,2,11,11,3,0,2238799,2218351,2200325,2177324,2141668,2097553,2059710,2034324,2012647,1993785,1977523,1959535,1942247,1927170
Lithuania,48213,50213,30935,24834,23378,22349,23373,22907,23844,21060,19503,20253,20648,20810,21645,22850,23142,25294,24322,19909,20729,21295,21229,19946,19908,20206,20186,20417,0.5,0.63,0.63,0.69,0.69,0.69,0.75,0.75,0.75,0.81,0.81,1.1,1.1,2.02,2.33,2.9,2.96,2.96,3.38,3.52,3.52,3.44,2.63,2.7,2.74,3.07,7,56,2,2,5,1,4,130,48,43,89,168,3,17,1,1,0,0,0,66,13,16,54,51,"99,260.00","99,260.00","65,300.00","65,300.00","65,300.00","65,300.00","65,300.00","65,300.00","65,300.00","65,300.00","65,300.00","65,300.00","65,300.00","65,300.00","65,300.00","65,300.00","65,300.00","65,300.00","65,300.00","65,300.00","65,300.00","65,300.00","65,300.00","65,300.00","65,286.00","65,286.00","65,286.00",0,2403,2604,2110,2354,2423,2481,2379,2197,2217,2168,2099,2065,1986,1988,1940,1940,146,180,164,195,202,207,200,186,188,186,185,187,181,184,184,183,10,14,29,15,5,2,7,10,10,17,0,3322525,3269903,3231297,3198234,3162911,3097292,3028119,2987773,2957689,2932366,2904908,2868234,2828398,2801541
Luxembourg,12756,13404,13133,13287,12466,10093,10155,9505,8627,9093,9678,10165,10942,11381,12783,13025,12852,12267,12154,11608,12180,12062,11781,11239,10787,10295,10052,10236,0.5,0.63,0.63,0.69,0.69,0.69,0.75,0.75,0.75,0.81,0.81,1.1,1.1,2.02,2.33,2.9,2.96,2.96,3.38,3.52,3.52,3.44,2.63,2.7,2.74,3.07,7,25,2,4,12,1,12,354,48,43,23,55,3,9,0,1,1,0,1,124,13,16,7,12,"99,260.00","99,260.00","65,300.00","65,300.00","65,300.00","65,300.00","65,300.00","65,300.00","65,300.00","65,300.00","2,590.00","2,590.00","2,590.00","2,590.00","2,590.00","2,590.00","2,590.00","2,590.00","2,590.00","2,590.00","2,590.00","2,590.00","2,590.00","2,590.00","2,590.00","2,590.00","2,590.00",0,185,175,161,155,154,150,147,149,152,151,146,145,141,146,141,145,30,29,28,26,25,24,23,23,23,23,23,22,23,23,23,23,10,19,33,29,28,2,28,27,10,17,15,465152,472641,479992,488647,497783,506953,518351,530952,543358,556322,569605,583459,596337,607950
Mexico,444742,453232,455133,458499,482722,471385,493530,517910,543848,529230,544660,537611,557652,563298,574317,592587,616362,646665,691822,671577,669084,681190,673722,683121,686160,699564,10052,10236,0.5,0.63,0.63,0.69,0.69,0.69,0.75,0.75,0.75,0.81,0.81,1.1,1.1,2.02,2.33,2.9,2.96,2.96,3.38,3.52,3.52,3.44,2.63,2.7,2.74,3.07,151,233,165,51,174,1,155,510,48,43,32,929,50,90,27,7,81,1,75,175,13,16,20,331,"1,964,380.00","1,964,380.00","1,964,380.00","1,964,380.00","1,964,380.00","1,964,380.00","1,964,380.00","1,964,380.00","1,964,380.00","1,964,380.00","1,964,380.00","1,964,380.00","1,964,380.00","1,964,380.00","1,964,380.00","1,964,380.00","1,964,380.00","1,964,380.00","1,964,380.00","1,964,380.00","1,964,380.00","1,964,380.00","1,964,380.00","1,964,380.00","1,964,380.00","1,964,380.00","1,964,375.00",0,13529,16954,19489,23351,23594,23988,25714,27144,27666,28874,29161,30365,30532,30830,31531,32813,6219,7594,8526,10183,10302,10582,11378,11990,12268,12390,12794,13315,13806,14165,14680,14887,27,21,18,13,6,2,31,2,10,17,15,105669369,107155391,108744845,110405454,112095388,113748671,115367452,116935670,118453929,119936411,121347800,122715165,124041731,125327797
Netherlands,220794,228441,229171,229929,230816,231012,242077,233882,234438,221105,219304,220007,217879,218564,219970,214308,209234,207700,207095,201413,213363,199235,195347,194954,187282,195560,195384,193260,1.67,1.42,1.17,1.23,1.27,1.27,1.23,1.52,1.56,1.52,1.35,1.74,1.78,2.2,1.9,2.8,2.8,2.64,3.23,3.69,4.13,3.51,3.63,2.7,2.74,3.07,11,40,5,7,23,10,13,356,122,156,54,387,3,12,0,2,5,3,2,117,27,42,18,96,"41,530.00","41,530.00","41,530.00","41,530.00","41,530.00","41,530.00","41,530.00","41,530.00","41,530.00","41,530.00","41,530.00","41,530.00","41,530.00","41,530.00","41,530.00","41,540.00","41,540.00","41,540.00","41,540.00","41,540.00","41,540.00","41,540.00","41,540.00","41,540.00","41,540.00","41,540.00","41,540.00",0,7462,7572,7661,6873,6705,6544,6574,6486,6470,6399,6154,5878,5708,5908,5793,5943,1023,1043,1029,852,815,780,768,742,728,722,725,717,703,719,730,739,21,24,71,44,24,18,33,26,24,23,31,16319871,16346096,16381696,16445590,16530387,16615390,16693074,16754963,16804430,16865008,16939925,17030314,17131295,17231622
New Zealand,65668,66491,67621,67383,68703,69412,71541,74327,72236,74083,76180,79103,79387,81591,81251,83270,83442,81325,81267,78477,78965,78679,81055,80541,81310,81202,79136,80853,1.67,1.42,1.17,1.23,1.27,1.27,1.23,1.52,1.56,1.52,1.35,1.74,1.78,2.2,1.9,2.8,2.8,2.64,3.23,3.69,4.13,3.51,3.63,2.7,2.74,3.07,11,40,5,7,23,10,13,356,20,16,266,36,3,12,0,2,5,3,2,117,4,2,62,6,"267,710.00","267,710.00","267,710.00","267,710.00","267,710.00","267,710.00","267,710.00","267,710.00","267,710.00","267,710.00","267,710.00","267,710.00","267,710.00","267,710.00","267,710.00","267,710.00","267,710.00","267,710.00","267,710.00","267,710.00","267,710.00","267,710.00","267,710.00","267,710.00","267,710.00","267,710.00","267,710.00",0,932,957,855,803,805,818,818,804,786,834,755,744,691,694,652,662,221,245,244,237,236,239,237,234,232,235,237,237,242,244,251,259,21,24,71,44,24,18,33,26,24,23,1,4133900,4184600,4223800,4259800,4302600,4350700,4384000,4408100,4442100,4509700,4595700,4693200,4793900,4885500
Norway,51210,48976,47321,49154,50996,51278,54291,54222,54426,55365,54832,56118,55029,55694,56203,55367,55327,57013,55596,53178,55467,54638,54090,54015,54127,54450,53608,52713,0.6,1.15,1.33,1.19,0.98,1.02,1.02,1.06,1.06,1.02,1.15,1.1,1.67,1.42,1.42,1.88,2.13,2.05,2.34,3.19,3.19,3.19,3.26,2.7,2.74,3.07,17,46,5,1,7,7,13,246,142,217,"1,215",437,5,15,0,2,4,4,2,100,61,73,452,162,"385,178.00","385,178.00","385,178.00","385,178.00","385,178.00","385,178.00","385,178.00","385,178.00","385,178.00","385,178.00","385,178.00","385,178.00","385,178.00","385,178.00","385,178.00","385,178.00","385,178.00","385,178.00","385,178.00","385,178.00","385,178.00","385,178.00","385,178.00","625,217.10","625,217.10","625,217.10","625,217.10",0,1766,1652,1552,1314,1299,1306,1293,1278,1262,1349,1158,1119,1081,988,947,967,420,406,377,301,290,285,279,270,262,261,245,243,232,224,224,226,19,17,71,17,2,2,33,8,13,11,5,4623293,4660673,4709156,4768215,4828716,4889253,4953089,5018574,5080171,5137427,5189898,5236152,5276965,5311916
Poland,474350,462290,449316,448830,443646,444963,458390,449501,417992,406560,395472,394371,384386,398005,403040,403424,418138,418633,411396,393443,411669,411034,403648,399974,387087,390445,399123,413781,0.65,0.79,0.83,0.88,0.88,0.88,0.88,0.88,0.92,0.92,0.92,1.19,1.19,1.19,1.27,2.13,2.26,2.08,2.26,2.96,2.96,2.96,2.58,2.7,2.74,3.07,13,34,3,1,29,9,24,488,83,545,"1,080",740,10,8,1,2,15,9,5,139,52,201,358,301,"312,690.00","312,690.00","312,690.00","312,690.00","312,690.00","312,690.00","312,690.00","312,690.00","312,690.00","312,690.00","312,690.00","312,690.00","312,690.00","312,690.00","312,690.00","312,690.00","312,680.00","312,680.00","312,680.00","312,680.00","312,680.00","312,680.00","312,680.00","312,680.00","312,680.00","312,680.00","312,680.00",0,23906,23838,22168,22087,22501,23052,23259,23480,23025,22784,22371,21767,21044,22041,21170,21176,4804,5034,4684,4504,4495,4507,4460,4402,4247,4169,4164,4079,3935,4023,4010,3995,12,8,27,17,21,18,34,16,12,32,3,38161313,38132277,38115967,38115909,38153389,38516689,38525670,38533789,38502396,38483957,38454576,38426809,38422346,38413139
Portugal,59092,60796,65086,63670,64536,68927,66652,69943,74682,82758,82082,81690,85601,80266,83349,85610,80855,78575,76157,73032,68801,67417,65556,63711,63709,67735,65936,70546,0.85,0.85,1.06,1.02,1.02,1.06,1.02,1.02,1.15,1.1,1.27,1.44,1.56,2.13,2.13,2.71,2.71,2.21,2.26,2.47,2.54,2.27,2.13,2.7,2.74,3.07,31,111,10,2,22,9,24,488,83,545,"1,080",176,7,30,4,2,10,9,5,139,52,201,358,51,"92,120.00","92,120.00","92,120.00","92,120.00","92,120.00","92,120.00","92,120.00","92,120.00","92,120.00","92,120.00","92,120.00","92,120.00","92,120.00","92,120.00","92,120.00","92,090.00","92,090.00","92,090.00","92,090.00","92,210.00","92,210.00","92,210.00","92,210.00","92,225.20","92,225.60","92,225.60","92,225.60",0,3202,3717,4050,4047,4049,4108,4093,4081,4008,4034,3817,3775,3534,3530,3374,3537,2353,2349,2277,1988,1936,1923,1888,1856,1816,1769,1763,1740,1725,1723,1784,1834,20,28,20,10,34,18,34,16,12,32,3,10503330,10522288,10542964,10558177,10568247,10573100,10557560,10514844,10457295,10401062,10358076,10325452,10300300,10283822
Slovak Republic,73362,63970,58544,55034,52615,53212,53162,53023,52435,51135,49196,51475,50120,50424,51115,51142,51030,49243,49713,45429,46295,45545,43057,42727,40660,41645,42154,43316,0.52,0.52,0.6,0.67,0.67,0.67,0.67,0.67,0.67,0.67,0.94,1.06,1.1,1.1,1.1,1.78,1.78,1.4,1.53,2.39,2.3,3.05,2.99,2.7,2.74,3.07,20,51,5,8,22,9,12,527,311,357,"1,636",764,6,24,4,3,10,9,6,171,104,48,401,191,"92,120.00","92,120.00","92,120.00","49,030.00","49,030.00","49,030.00","49,030.00","49,030.00","49,030.00","49,030.00","49,030.00","49,030.00","49,030.00","49,030.00","49,030.00","49,030.00","49,030.00","49,030.00","49,035.00","49,040.00","49,037.00","49,036.00","49,036.00","49,036.00","49,030.00","49,030.00","49,030.00",0,4093,3663,3452,3477,3470,3512,3429,3386,3290,3249,3050,2967,2873,3012,2849,2888,445,444,462,469,466,466,453,445,432,425,414,404,399,410,400,400,22,24,42,44,34,18,15,15,34,24,7,5387285,5391184,5397766,5406972,5418374,5431024,5398384,5407579,5413393,5418649,5423801,5430798,5439232,5446771
Slovenia,18639,17320,17419,17621,18025,18721,19356,19708,19464,18833,19076,19994,20176,19900,20217,20519,20707,20847,21573,19602,19626,19635,19062,18359,16626,16820,17681,17454,0.52,0.52,0.6,0.67,0.67,0.67,0.67,0.67,0.67,0.67,0.94,1.06,1.1,1.1,1.1,1.78,1.78,1.4,1.64,1.85,2.46,2.42,2.28,2.7,2.74,3.07,34,105,18,17,50,10,40,334,311,357,"1,636",274,19,43,7,3,40,9,31,80,104,48,401,152,"92,120.00","92,120.00","20,270.00","20,270.00","20,270.00","20,270.00","20,270.00","20,270.00","20,270.00","20,270.00","20,270.00","20,270.00","20,270.00","20,270.00","20,270.00","20,270.00","20,270.00","20,270.00","20,270.00","20,270.00","20,270.00","20,270.00","20,270.00","20,675.00","20,675.00","20,675.00","20,675.00",0,814,911,878,829,816,807,798,786,774,789,773,776,725,771,751,775,99,105,103,99,99,99,98,97,97,96,99,100,97,100,101,104,38,28,75,81,18,5,47,10,34,24,7,2001114,2008516,2019406,2022629,2042335,2049261,2052496,2056262,2059114,2061623,2063077,2064241,2066161,2070050
Spain,288492,296204,305976,295738,312540,328614,320379,334704,344566,372043,387528,385241,403569,410975,426793,441038,434006,445158,411404,372107,357677,357344,350672,323441,326121,337599,326383,340231,0.79,0.96,0.96,1.02,1.44,1.44,1.56,1.56,1.73,2.06,2.15,2.19,2.19,2.19,2.75,2.96,2.96,2.75,2.7,3,2.72,2.85,2.22,2.7,2.74,3.07,19,114,34,14,50,10,44,"1,263",259,357,273,484,4,33,10,4,40,9,10,278,52,48,52,113,"505,990.00","505,990.00","505,990.00","505,990.00","505,990.00","505,990.00","505,990.00","505,990.00","505,990.00","505,990.00","505,000.00","505,020.00","505,320.00","505,370.00","505,370.00","505,370.00","505,370.00","505,370.00","505,370.00","505,370.00","505,600.00","505,600.00","505,940.00","505,940.00","505,940.00","505,924.00","505,935.00",0,13292,14226,15007,15362,15020,15165,15085,14698,14335,15040,14455,13832,13362,14297,13407,13418,5326,5602,5810,5878,5717,5724,5666,5509,5404,5437,5461,5357,5381,5584,5501,5476,17,20,37,39,18,5,48,18,24,24,7,43662613,44360521,45236004,45983169,46367550,46562483,46736257,46766403,46593236,46455123,46410149,46449874,46532869,46733038
Sweden,71304,71482,70923,71192,73571,73287,76894,72137,72496,69631,68483,68854,69791,70212,69319,66587,66536,64936,62567,58340,64282,60207,56873,55366,53832,53461,52943,52660,0.9,0.69,1.69,1.25,1.29,1.04,1.04,1.04,1.25,1.21,2.15,2.06,2.58,2.43,2.75,2.71,3.03,2.7,2.92,3.34,3.09,3.23,3.1,2.7,2.74,3.07,14,52,2,5,20,19,2,270,259,357,273,114,3,11,10,0,6,6,1,114,52,48,52,27,"450,300.00","450,300.00","450,300.00","450,300.00","450,300.00","450,300.00","450,300.00","450,300.00","450,300.00","450,300.00","450,300.00","450,300.00","450,300.00","450,300.00","450,300.00","450,300.00","450,300.00","450,300.00","450,300.00","450,300.00","450,300.00","450,300.00","447,420.00","447,420.00","447,420.00","447,430.00","447,430.00",0,3349,3075,2956,2595,2605,2605,2577,2530,2433,2501,2154,2042,2244,1954,1856,1918,446,445,439,401,398,394,387,380,368,367,359,355,350,349,345,347,22,20,33,38,14,19,5,17,24,24,7,9029567,9080506,9148093,9219639,9298510,9378130,9449216,9519378,9600375,9696105,9799183,9923085,10057695,10175214
Switzerland,53252,55117,54879,52325,51325,52189,52800,51610,53253,52976,52352,53893,52266,53401,54029,54714,54335,52442,53914,52562,54117,50029,51456,52229,48364,47816,48183,47159,2,2,2,2.06,2.06,2.06,2.06,2.06,2.06,2.06,1.94,1.94,1.94,1.94,1.69,2.38,2.13,2.13,2.67,3.19,3.33,3.29,3.29,2.7,2.74,3.07,34,71,15,13,24,19,24,670,401,257,"1,074",839,13,21,7,9,5,6,5,197,58,96,358,214,"41,290.00","41,290.00","41,290.00","41,290.00","41,290.00","41,290.00","41,290.00","41,290.00","41,290.00","41,290.00","41,290.00","41,290.00","41,290.00","41,290.00","41,290.00","41,290.00","41,290.00","41,290.00","41,290.00","41,290.00","41,290.00","41,290.00","41,290.00","41,290.00","41,290.00","41,290.40","41,290.40",0,3109,2923,2670,2422,2398,2374,2332,2348,2307,2263,2205,2164,2074,2078,1972,1974,589,606,602,562,558,553,545,548,541,529,533,533,523,530,526,520,37,35,79,68,34,19,34,26,40,36,34,7437116,7483935,7551117,7647676,7743832,7824910,7912396,7996861,8089346,8188646,8282398,8373334,8451834,8513227
Turkey,219202,226578,232802,240149,234127,247585,267232,278607,280288,277759,298890,280411,286073,305596,314951,337213,358155,391423,387593,395515,398661,427572,446935,438969,457962,472191,498469,526253,0.46,0.21,0.46,0.46,0.46,0.5,0.5,0.5,0.5,0.5,0.65,0.65,0.69,0.69,0.88,0.83,1.5,1.5,1.5,1.54,2.06,2.21,1.83,1.92,1.92,1.92,23,17,15,10,24,19,24,"1,282",401,257,89,50,13,21,7,9,5,6,5,197,58,96,358,214,"785,350.00","785,350.00","785,350.00","785,350.00","785,350.00","785,350.00","785,350.00","785,350.00","785,350.00","785,350.00","785,350.00","785,350.00","785,350.00","785,350.00","785,350.00","785,350.00","785,350.00","785,350.00","785,350.00","785,350.00","785,350.00","785,350.00","785,350.00","785,350.00","785,350.00","785,350.00","785,350.00",0,25680,28192,26755,26522,27327,27919,28725,30950,32171,32069,33078,34121,35525,36630,36503,36900,4470,4950,4499,4305,4355,4362,4413,4660,4757,4849,4935,5116,5249,5242,5181,5175,14,4,79,7,34,19,34,11,40,36,0,68435380,69295253,70158112,71051689,72039215,73142162,74223642,75175836,76147634,77181894,78218488,79277971,80312708,81407211
United Kingdom,797948,807119,786249,766961,757972,751272,773286,747862,746500,715997,715687,718693,699148,706205,702933,695165,688015,676322,655903,599871,614361,567161,583653,569902,529503,511980,487035,474346,0.96,0.96,0.96,1.02,0.81,0.81,0.81,0.81,0.81,0.81,0.94,0.94,1.1,1.73,1.73,2.23,2.29,1.95,2.4,2.58,3.62,3.47,3.29,3.77,3.72,3.83,11,134,15,10,24,19,4,826,123,190,898,462,4,50,7,9,5,6,3,240,37,34,380,128,"243,610.00","243,610.00","243,610.00","243,610.00","243,610.00","243,610.00","243,610.00","243,610.00","243,610.00","243,610.00","243,610.00","243,610.00","243,610.00","243,610.00","243,610.00","243,610.00","243,610.00","243,610.00","243,610.00","243,610.00","243,610.00","243,610.00","243,610.00","243,610.00","243,610.00","243,610.00","243,610.00",0,35835,34747,30822,26621,26190,25525,25328,24427,24001,24192,22966,23031,21791,22313,22088,22294,6450,6047,5236,4234,4087,3912,3796,3593,3469,3330,3271,3249,3147,3172,3146,3146,11,23,79,7,34,19,34,18,15,7,2,60413276,60827067,61319075,61823772,62260486,62759456,63285145,63705030,64105654,64596752,65110034,65648054,66040229,66435550
United States,6371001,6315615,6424934,6532070,6624836,6710067,6907699,6968462,7032526,7071461,7232011,7116810,7156653,7199263,7333052,7339040,7270327,7369968,7160601,6709369,6938592,6787419,6545969,6710218,6759996,6623775,6492267,6456718,0.58,0.88,0.63,0.75,1,1.17,1.13,1.17,1.21,1.21,1.17,1.17,1.3,1.3,1.05,1.09,2.13,2.34,2.47,2.93,2.68,2.47,3.17,2.67,2.58,2.69,78,101,62,109,24,19,280,"5,375",123,190,898,630,16,25,20,36,5,6,72,"1,462",37,34,380,169,"9,629,090.00","9,629,090.00","9,629,090.00","9,629,090.00","9,629,090.00","9,629,090.00","9,629,090.00","9,629,090.00","9,629,090.00","9,629,090.00","9,632,030.00","9,632,030.00","9,632,030.00","9,632,030.00","9,632,030.00","9,632,030.00","9,632,030.00","9,632,030.00","9,831,510.00","9,831,510.00","9,831,510.00","9,831,510.00","9,831,510.00","9,831,510.00","9,831,510.00","9,831,510.00","9,831,510.00",0,94110,99279,102156,100504,99448,97986,97912,96573,94535,98524,93450,91839,88238,88409,83523,85407,33485,33791,33035,30328,29625,28903,28605,28083,27601,27748,27625,27654,27636,27805,28061,28260,17,12,18,40,34,19,32,27,15,7,2,295516599,298379912,301231207,304093966,306771529,309326085,311580009,313874218,316057727,318386421,320742673,323071342,325147121,327167434
European Union (28 countries),5649529,5555046,5379831,5281540,5255297,5308544,5418672,5326317,5281519,5172644,5168912,5223118,5182923,5265583,5265369,5228429,5214525,5162425,5046999,4681900,4783628,4626382,4563065,4468920,4297636,4327313,4303392,4323163,0.58,0.88,0.63,0.75,1,1.17,1.13,1.17,1.21,1.21,1.17,1.17,1.3,1.3,1.05,1.09,2.13,2.34,2.47,2.93,2.68,2.47,3.17,2.67,2.58,2.69,78,101,62,109,24,19,280,"5,375",123,190,898,630,16,25,20,36,5,6,72,"1,462",37,34,380,169,"9,629,090.00","9,629,090.00","9,629,090.00","9,629,090.00","9,629,090.00","9,629,090.00","9,629,090.00","9,629,090.00","9,629,090.00","9,629,090.00","9,632,030.00","9,632,030.00","9,632,030.00","9,632,030.00","9,632,030.00","9,632,030.00","9,632,030.00","9,632,030.00","9,831,510.00","9,831,510.00","9,831,510.00","9,831,510.00","9,831,510.00","9,831,510.00","9,831,510.00","9,831,510.00","9,831,510.00",0,255097,249450,234841,224425,222546,222864,223317,223160,220770,222253,213616,209504,202994,210729,203332,204757,56561,57767,56388,53089,52112,51698,51335,50853,49979,49682,49721,49020,48389,49559,49338,49371,17,12,18,40,34,19,32,27,15,7,2,495497820,497262107,499283942,501249177,502722092,504286223,503891769,504985115,506412977,508243486,509672282,511152390,512151635,513179223
OECD - Europe,5595163,5575282,5425270,5343127,5317709,5377033,5507201,5430486,5412114,5326302,5348641,5380002,5342087,5434651,5446908,5432329,5437765,5412706,5299265,4969624,5082700,4939252,4906686,4822748,4664986,4705402,4712087,4754649,0.58,0.88,0.63,0.75,1,1.17,1.13,1.17,1.21,1.21,1.17,1.17,1.3,1.3,1.05,1.09,2.13,2.34,2.47,2.93,2.68,2.47,3.17,2.67,2.58,2.69,78,101,62,109,24,19,280,"5,375",123,190,898,630,16,25,20,36,5,6,72,"1,462",37,34,380,169,"9,629,090.00","9,629,090.00","9,629,090.00","9,629,090.00","9,629,090.00","9,629,090.00","9,629,090.00","9,629,090.00","9,629,090.00","9,629,090.00","9,632,030.00","9,632,030.00","9,632,030.00","9,632,030.00","9,632,030.00","9,632,030.00","9,632,030.00","9,632,030.00","9,831,510.00","9,831,510.00","9,831,510.00","9,831,510.00","9,831,510.00","9,831,510.00","9,831,510.00","9,831,510.00","9,831,510.00",0,265690,260078,244349,232777,231732,232891,234019,236107,234935,236409,229411,227226,221722,230014,223074,224667,57184,57861,55986,52196,51312,51043,50750,50531,49767,49762,49902,49514,48921,50094,49844,49850,17,12,18,40,34,19,32,27,15,7,2,495497820,497262107,499283942,501249177,502722092,504286223,503891769,504985115,506412977,508243486,509672282,511152390,512151635,513179223
OECD - Total,15171684,15133813,15159026,15220484,15427192,15644717,16078128,16148165,16123155,16149179,16437124,16333058,16411824,16591832,16775855,16794214,16736965,16931124,16580017,15663278,16128491,15943989,15732322,15837803,15669944,15570343,15428983,15436970,0.58,0.88,0.63,0.75,1,1.17,1.13,1.17,1.21,1.21,1.17,1.17,1.3,1.3,1.05,1.09,2.13,2.34,2.47,2.93,2.68,2.47,3.17,2.67,2.58,2.69,78,101,62,109,24,19,280,"5,375",123,190,898,630,16,25,20,36,5,6,72,"1,462",37,34,380,169,"9,629,090.00","9,629,090.00","36,127,518.00","36,127,538.00","36,127,548.00","36,127,568.00","36,127,578.00","36,127,578.00","36,127,578.00","36,127,578.00","36,129,529.00","36,129,909.00","36,130,279.00","36,130,649.00","36,130,389.00","36,130,439.00","36,130,769.00","36,130,799.00","36,330,414.00","36,330,627.00","36,330,944.00","36,330,931.00","36,328,376.00","36,569,243.30","36,569,277.70","36,569,351.10","36,570,179.10",0,441659,447827,438890,433418,431602,432913,436284,438807,437251,446277,431858,429978,418751,428581,414727,422152,109260,111247,108969,103870,102260,101591,101749,101501,100558,100934,101318,101400,101305,103100,103853,104568,17,12,18,40,34,19,32,27,15,7,2,1198664295,1207224137,1216429900,1225897618,1234509706,1243038933,1249055540,1256390205,1263936688,1272145740,1279863664,1287731405,1294830176,1301969697
Argentina,220241,230414,234122,239560,243599,244499,256464,258304,262725,264638,280309,276903,269316,286382,298167,307493,321462,335854,331802,322554,300695,310315,310670,321012,322555,15570343,15428983,15436970,0.58,0.88,0.63,0.75,1,1.17,1.13,1.17,1.21,1.21,1.17,1.17,1.3,1.3,1.05,1.09,2.13,2.34,2.47,2.93,2.68,2.47,3.17,2.67,2.58,2.69,78,101,62,109,24,19,280,"5,375",123,190,898,630,16,25,20,36,5,6,72,"1,462",37,34,380,169,"9,629,090.00","9,629,090.00","36,127,518.00","36,127,538.00","36,127,548.00","36,127,568.00","36,127,578.00","36,127,578.00","36,127,578.00","36,127,578.00","36,129,529.00","36,129,909.00","36,130,279.00","36,130,649.00","36,130,389.00","36,130,439.00","36,130,769.00","36,130,799.00","36,330,414.00","36,330,627.00","36,330,944.00","36,330,931.00","36,328,376.00","36,569,243.30","36,569,277.70","36,569,351.10","36,570,179.10",0,441659,447827,438890,433418,431602,432913,436284,438807,437251,446277,431858,429978,418751,428581,414727,422152,109260,111247,108969,103870,102260,101591,101749,101501,100558,100934,101318,101400,101305,103100,103853,104568,17,12,18,40,34,19,32,27,15,7,2,38733406,39127239,39529440,39940234,40359828,40788453,41261490,41733271,42202935,42669500,43131966,43590368,44044811,44494502
Brazil,573079,592144,601634,614411,633105,660104,664669,689839,709934,729124,756664,775840,791184,811626,846526,863895,881670,881782,910098,890515,954325,991691,1027739,321012,322555,15570343,15428983,15436970,0.58,0.88,0.63,0.75,1,0.42,0.42,0.42,0.42,0.42,0.42,0.54,0.63,0.58,0.42,0.42,0.42,0.42,0.42,0.42,0.42,0.38,0.38,0.38,0.38,0.54,110,234,80,38,409,98,311,"5,375",123,190,299,1280,43,71,50,12,126,14,112,"1,462",37,34,104,428,"9,629,090.00","9,629,090.00","36,127,518.00","36,127,538.00","36,127,548.00","36,127,568.00","36,127,578.00","36,127,578.00","36,127,578.00","36,127,578.00","36,129,529.00","36,129,909.00","36,130,279.00","36,130,649.00","36,130,389.00","36,130,439.00","36,130,769.00","36,130,799.00","36,330,414.00","36,330,627.00","36,330,944.00","36,330,931.00","36,328,376.00","36,569,243.30","36,569,277.70","36,569,351.10","36,570,179.10",0,441659,447827,438890,433418,431602,432913,436284,438807,437251,446277,431858,429978,418751,428581,414727,422152,109260,111247,108969,103870,102260,101591,101749,101501,100558,100934,101318,101400,101305,103100,103853,104568,17,12,18,40,34,19,32,27,15,7,2,184991143,187061610,189038268,191010274,192980905,194890682,196603732,198314934,200004188,201717541,203475683,205156587,206804741,208494900
China (People's Republic of),573079,592144,601634,614411,4057617,660104,664669,689839,709934,729124,756664,775840,791184,811626,846526,7465862,881670,881782,910098,890515,954325,991691,11895765,321012,322555,15570343,15428983,15436970,0.25,0.44,0.52,0.52,0.52,0.52,0.52,0.52,0.52,0.52,0.52,0.52,0.65,0.85,0.85,0.85,0.77,0.77,0.81,0.98,1.1,1.35,2.04,1.99,2.1,2.16,110,234,80,38,409,98,311,"5,375",123,190,299,1280,43,71,50,12,126,14,112,"1,462",37,34,104,428,"9,629,090.00","9,629,090.00","36,127,518.00","36,127,538.00","36,127,548.00","36,127,568.00","36,127,578.00","36,127,578.00","36,127,578.00","36,127,578.00","36,129,529.00","36,129,909.00","36,130,279.00","36,130,649.00","36,130,389.00","36,130,439.00","36,130,769.00","36,130,799.00","36,330,414.00","36,330,627.00","36,330,944.00","36,330,931.00","36,328,376.00","36,569,243.30","36,569,277.70","36,569,351.10","36,570,179.10",0,441659,447827,438890,433418,431602,432913,436284,438807,437251,446277,431858,429978,418751,428581,414727,422152,109260,111247,108969,103870,102260,101591,101749,101501,100558,100934,101318,101400,101305,103100,103853,104568,17,12,18,40,34,19,32,27,15,7,2,1321623490,1329209094,1336800506,1344415227,1352068091,1359755102,1367480264,1375198619,1382793212,1390110388,1397028553,1403500365,1409517397,1415045928
Colombia,94041,97253,102161,103814,105140,106659,109796,114195,113892,108652,110795,109489,109966,113929,117271,122239,130651,131880,130026,137137,138248,133918,139838,147803,150615,15570343,15428983,15436970,0.25,0.44,0.52,0.52,0.52,0.52,0.52,0.52,0.52,0.52,0.52,0.52,0.65,0.85,0.85,0.85,0.77,0.77,0.81,0.98,1.1,1.35,2.04,1.99,2.1,2.16,42,140,44,55,81,56,109,722,97,190,97,624,10,56,16,26,10,7,10,185,5,34,44,140,"9,629,090.00","9,629,090.00","36,127,518.00","36,127,538.00","36,127,548.00","36,127,568.00","36,127,578.00","36,127,578.00","36,127,578.00","36,127,578.00","36,129,529.00","36,129,909.00","36,130,279.00","36,130,649.00","36,130,389.00","36,130,439.00","36,130,769.00","36,130,799.00","36,330,414.00","36,330,627.00","36,330,944.00","36,330,931.00","36,328,376.00","36,569,243.30","36,569,277.70","36,569,351.10","36,570,179.10",0,441659,447827,438890,433418,431602,432913,436284,438807,437251,446277,431858,429978,418751,428581,414727,422152,109260,111247,108969,103870,102260,101591,101749,101501,100558,100934,101318,101400,101305,103100,103853,104568,17,12,18,40,34,19,32,27,15,7,2,42888592,43405956,43926929,44451147,44978832,45509584,46044601,46581823,47121089,47661787,48203405,48747708,49291609,49834240
Costa Rica,94041,97253,102161,103814,105140,106659,109796,114195,113892,108652,110795,109489,109966,113929,117271,10878,130651,131880,130026,137137,12511,133918,13257,147803,150615,15570343,15428983,15436970,0.25,0.44,0.52,0.52,0.52,0.52,0.52,0.52,0.52,0.52,0.52,0.52,0.65,0.85,0.85,0.85,0.77,0.77,0.81,0.98,1.1,1.35,2.04,1.99,2.1,2.16,14,22,15,41,81,4,1,131,97,190,97,97,7,6,3,10,10,2,10,40,5,34,44,28,"9,629,090.00","9,629,090.00","36,127,518.00","36,127,538.00","36,127,548.00","36,127,568.00","36,127,578.00","36,127,578.00","36,127,578.00","36,127,578.00","36,129,529.00","36,129,909.00","36,130,279.00","36,130,649.00","36,130,389.00","36,130,439.00","36,130,769.00","36,130,799.00","36,330,414.00","36,330,627.00","36,330,944.00","36,330,931.00","36,328,376.00","36,569,243.30","36,569,277.70","36,569,351.10","36,570,179.10",0,441659,447827,438890,433418,431602,432913,436284,438807,437251,446277,431858,429978,418751,428581,414727,422152,109260,111247,108969,103870,102260,101591,101749,101501,100558,100934,101318,101400,101305,103100,103853,104568,17,12,18,40,34,19,32,27,15,7,2,4215248,4278656,4340390,4404090,4469337,4533894,4592149,4652459,4713168,4773130,4832234,4890379,4947490,5003402
India,94041,97253,102161,103814,1214248,106659,109796,114195,113892,108652,1523767,109489,109966,113929,117271,10878,130651,131880,130026,137137,2100850,133918,13257,147803,150615,15570343,15428983,15436970,0.4,0.4,0.4,0.4,0.4,0.46,0.46,0.46,0.46,0.46,0.56,0.56,0.6,0.6,0.6,0.67,0.67,0.63,0.63,1.13,1.2,1.26,1.3,1.3,1.28,1.82,14,22,15,41,81,4,1,131,97,190,97,97,7,6,3,10,10,2,10,40,5,34,44,28,"9,629,090.00","9,629,090.00","36,127,518.00","36,127,538.00","36,127,548.00","36,127,568.00","36,127,578.00","36,127,578.00","36,127,578.00","36,127,578.00","36,129,529.00","36,129,909.00","36,130,279.00","36,130,649.00","36,130,389.00","36,130,439.00","36,130,769.00","36,130,799.00","36,330,414.00","36,330,627.00","36,330,944.00","36,330,931.00","36,328,376.00","36,569,243.30","36,569,277.70","36,569,351.10","36,570,179.10",0,441659,447827,438890,433418,431602,432913,436284,438807,437251,446277,431858,429978,418751,428581,414727,422152,109260,111247,108969,103870,102260,101591,101749,101501,100558,100934,101318,101400,101305,103100,103853,104568,17,12,18,40,34,19,32,27,15,7,2,1144118674,1161977719,1179681239,1197146906,1214270132,1230980691,1247236029,1263065852,1278562207,1293859294,1309053980,1324171354,1339180127,1354051854
Indonesia,94041,97253,102161,103814,1214248,106659,109796,114195,113892,108652,502363,537949,545911,559139,583101,590736,610242,607947,629710,628562,685711,726262,757250,796579,864948,907334,883224,15436970,0.38,0.38,0.38,0.38,0.38,0.44,0.44,0.44,0.44,0.44,0.44,0.44,0.44,0.44,0.44,0.44,0.5,0.5,0.5,0.5,1.17,1.17,1.17,1.08,1.08,1.08,14,22,15,41,81,4,1,131,97,190,97,97,7,6,3,10,10,2,10,40,5,34,44,28,"9,629,090.00","9,629,090.00","36,127,518.00","36,127,538.00","36,127,548.00","36,127,568.00","36,127,578.00","36,127,578.00","36,127,578.00","36,127,578.00","36,129,529.00","36,129,909.00","36,130,279.00","36,130,649.00","36,130,389.00","36,130,439.00","36,130,769.00","36,130,799.00","36,330,414.00","36,330,627.00","36,330,944.00","36,330,931.00","36,328,376.00","36,569,243.30","36,569,277.70","36,569,351.10","36,570,179.10",0,441659,447827,438890,433418,431602,432913,436284,438807,437251,446277,431858,429978,418751,428581,414727,422152,109260,111247,108969,103870,102260,101591,101749,101501,100558,100934,101318,101400,101305,103100,103853,104568,17,12,18,40,34,19,32,27,15,7,2,226712730,229838202,232989141,236159276,239340478,238518800,241990700,245425200,248818100,252164800,255461700,258705000,261890900,265015300
Russia,3186796,3024288,2537054,2399329,2137001,2084833,2029805,1912592,1879190,1904986,1900820,1941994,1923732,1958582,1973484,1993963,2056688,2058076,2097173,1960224,2057673,2120497,2146306,2090717,2089475,2093653,2097477,2155471,0.38,0.38,0.38,0.33,0.33,0.33,0.33,0.52,0.52,0.52,0.52,0.52,0.52,0.65,0.65,0.65,0.65,0.65,0.6,0.6,0.6,0.6,0.6,0.85,0.85,0.92,40,56,9,5,81,4,34,201,97,190,97,144,7,6,3,10,10,2,10,40,5,34,44,28,"9,629,090.00","9,629,090.00","36,127,518.00","36,127,538.00","36,127,548.00","36,127,568.00","36,127,578.00","36,127,578.00","36,127,578.00","36,127,578.00","36,129,529.00","36,129,909.00","36,130,279.00","36,130,649.00","36,130,389.00","36,130,439.00","36,130,769.00","36,130,799.00","36,330,414.00","36,330,627.00","36,330,944.00","36,330,931.00","36,328,376.00","36,569,243.30","36,569,277.70","36,569,351.10","36,570,179.10",0,441659,447827,438890,433418,431602,432913,436284,438807,437251,446277,431858,429978,418751,428581,414727,422152,109260,111247,108969,103870,102260,101591,101749,101501,100558,100934,101318,101400,101305,103100,103853,104568,17,12,18,40,34,19,32,27,15,7,2,143113885,142487259,142114903,141956413,141909248,142389969,142960911,143201721,143506995,143819657,144096881,144342400,144496738,144491104
South Africa,347349,3024288,2537054,2399329,379837,2084833,2029805,1912592,1879190,1904986,1900820,1941994,1923732,1958582,1973484,1993963,2056688,2058076,2097173,1960224,2057673,2120497,2146306,2090717,2089475,2093653,2097477,2155471,0.44,0.44,0.48,0.48,0.48,0.48,0.48,0.48,0.52,0.48,0.44,0.44,0.44,0.44,0.44,0.4,0.52,0.52,0.48,1.52,1.75,1.71,0.71,0.71,0.71,0.71,40,56,9,5,81,4,34,201,97,190,97,144,7,6,3,10,10,2,10,40,5,34,44,28,"9,629,090.00","9,629,090.00","36,127,518.00","36,127,538.00","36,127,548.00","36,127,568.00","36,127,578.00","36,127,578.00","36,127,578.00","36,127,578.00","36,129,529.00","36,129,909.00","36,130,279.00","36,130,649.00","36,130,389.00","36,130,439.00","36,130,769.00","36,130,799.00","36,330,414.00","36,330,627.00","36,330,944.00","36,330,931.00","36,328,376.00","36,569,243.30","36,569,277.70","36,569,351.10","36,570,179.10",0,441659,447827,438890,433418,431602,432913,436284,438807,437251,446277,431858,429978,418751,428581,414727,422152,109260,111247,108969,103870,102260,101591,101749,101501,100558,100934,101318,101400,101305,103100,103853,104568,17,12,18,40,34,19,32,27,15,7,2,47268914,47839908,48476016,49176550,49928233,50724112,51550684,52409724,53282289,54166787,55055626,55946872,56837474,57725606
